Device: samsung SM-G781B; eSense app version: 5.2.0; android version: 11;
DESCRIPTION
RECORDING NAME;HRV-Recording-09122021-114214;;;;;;
eSense Pulse:;0000542;;;;;;
DATE (HH:MM:SS);09.12.21 11:42:14;;;;;;
TIME (HH:MM:SS);00:14:54;;;;;;
MAXIMUM;91.5 HR;;;;;;
MINIMUM;56.4 HR;;;;;;
DIFFERENCE MIN/MAX;35.1 HR;;;;;;
AVERAGE OF SESSION;73.76 HR;;;;;;
;;;;;;;
SDNN;76.48 ms;;;;;;
RMSSD;15.95 ms;;;;;;
NN50;26;;;;;;
PNN50;1.74 %;;;;;;
STRESS INDEX;76.40;;;;;;
AVERAGE RR;832.70 ms;;;;;;
AVERAGE HR;72.10 HR;;;;;;
CORRECTED HR VALUES;2;;;;;;
CORRECTED HR VALUES IN %;0.13 %;;;;;;
RED HEARTS;2;;;;;;
ORANGE HEARTS;3;;;;;;
YELLOW HEARTS;3;;;;;;
GREEN HEARTS;5;;;;;;
;;;;;;;
STATISTICS;;;;;;;
SECOND;HEARTRATE;RR INTERVAL IN MS;HRV AMPLITUDE;REGULARITY;TIMESTAMP;MARKER;
0;64.1;936;0.10;0;11:42:21:000;;
0.968;62.0;968;0.00;0;11:42:21:000;;
2.031;56.4;1063;0.00;0;11:42:22:000;;
3.092;56.6;1061;0.00;0;11:42:23:000;;
4.127;58.0;1035;0.00;0;11:42:24:000;;
5.174;57.3;1047;7.48;0;11:42:25:000;;
6.208;58.0;1034;7.48;0;11:42:26:000;;
7.145;64.0;937;7.48;0;11:42:27:000;;
8.036;67.3;891;7.48;0;11:42:28:000;;
8.928;67.3;892;7.48;0;11:42:29:000;;
9.884;62.8;956;8.31;0;11:42:30:000;;
10.764;68.2;880;9.46;0;11:42:31:000;;
11.651;67.6;887;9.35;0;11:42:32:000;;
12.526;68.6;875;8.59;0;11:42:32:000;;
13.387;69.7;861;8.06;0;11:42:33:000;;
14.246;69.8;859;7.62;0;11:42:34:000;;
15.078;72.1;832;6.86;0;11:42:35:000;;
15.912;71.9;834;5.99;0;11:42:36:000;;
16.762;70.6;850;5.43;0;11:42:37:000;;
17.637;68.6;875;4.91;0;11:42:38:000;;
18.560;65.0;923;4.49;0;11:42:38:000;;
19.534;61.6;974;4.43;0;11:42:39:000;;
20.450;65.5;916;4.55;0;11:42:40:000;;
21.497;57.3;1047;5.17;0;11:42:42:000;;
22.538;57.6;1041;6.02;0;11:42:43:000;;
23.527;60.7;989;6.02;0;11:42:44:000;;
24.423;67.0;896;5.45;0;11:42:44:000;;
25.253;72.3;830;4.71;0;11:42:45:000;;
26.091;71.6;838;4.09;0;11:42:46:000;;
26.895;74.6;804;4.18;0;11:42:46:000;;
27.679;76.5;784;4.76;0;11:42:48:000;;
28.439;78.9;760;5.33;0;11:42:48:000;;
29.162;83.0;723;5.79;0;11:42:49:000;;
29.882;83.3;720;5.91;0;11:42:50:000;;
30.585;85.3;703;5.91;0;11:42:50:000;;
31.285;85.7;700;5.91;0;11:42:51:000;;
31.977;86.7;692;5.91;0;11:42:52:000;;
32.656;88.4;679;5.91;0;11:42:52:000;;
33.326;89.6;670;5.91;0;11:42:53:000;;
33.989;90.5;663;5.91;0;11:42:54:000;;
34.651;90.6;662;5.91;0;11:42:55:000;;
35.329;88.5;678;5.91;0;11:42:55:000;;
36.022;86.6;693;6.18;0;11:42:56:000;;
36.723;85.6;701;7.19;0;11:42:56:000;;
37.448;82.8;725;8.08;0;11:42:57:000;;
38.184;81.5;736;9.27;0;11:42:58:000;;
38.903;83.4;719;10.39;0;11:42:59:000;;
39.667;78.5;764;12.97;0;11:43:00:000;;
40.446;77.0;779;17.91;0;11:43:00:000;;
41.203;79.3;757;19.70;0;11:43:01:000;;
41.977;77.5;774;19.70;0;11:43:02:000;;
42.758;76.8;781;19.70;0;11:43:02:000;;
43.525;78.2;767;19.70;0;11:43:04:000;;
44.254;82.3;729;19.70;0;11:43:04:000;;
44.972;83.6;718;19.70;0;11:43:05:000;;
45.700;82.4;728;19.70;0;11:43:06:000;;
46.408;84.7;708;19.70;0;11:43:06:000;;
47.094;87.5;686;19.70;0;11:43:07:000;;
47.773;88.4;679;19.70;0;11:43:08:000;;
48.444;89.4;671;19.70;0;11:43:08:000;;
49.111;90.0;667;19.70;0;11:43:09:000;;
49.791;88.2;680;19.70;0;11:43:10:000;;
50.474;87.8;683;19.70;0;11:43:11:000;;
51.158;87.7;684;19.70;0;11:43:12:000;;
51.852;86.5;694;19.70;0;11:43:12:000;;
52.561;84.6;709;19.70;0;11:43:12:000;;
53.280;83.4;719;19.70;0;11:43:13:000;;
53.995;83.9;715;19.70;0;11:43:14:000;;
54.722;82.5;727;19.70;0;11:43:15:000;;
55.463;81.0;741;19.70;0;11:43:16:000;;
56.199;81.5;736;19.70;0;11:43:16:000;;
56.949;80.0;750;19.70;0;11:43:17:000;;
57.705;79.4;756;19.70;0;11:43:18:000;;
58.512;74.3;807;19.70;0;11:43:19:000;;
59.297;76.4;785;19.70;0;11:43:19:000;;
60.090;75.7;793;19.70;0;11:43:21:000;;
60.866;77.3;776;19.70;0;11:43:21:000;;
61.612;80.4;746;19.70;0;11:43:22:000;;
62.333;83.2;721;19.70;0;11:43:23:000;;
63.040;84.9;707;19.70;0;11:43:23:000;;
63.726;87.5;686;19.70;0;11:43:24:000;;
64.399;89.2;673;19.70;0;11:43:24:000;;
65.057;91.2;658;19.70;0;11:43:25:000;;
65.698;93.6;641;19.70;0;11:43:26:000;;
66.332;94.6;634;19.70;0;11:43:27:000;;
66.964;94.9;632;19.70;0;11:43:27:000;;
67.599;94.5;635;19.70;0;11:43:28:000;;
68.226;95.7;627;19.70;0;11:43:28:000;;
68.873;92.7;647;19.70;0;11:43:29:000;;
69.527;91.7;654;19.70;0;11:43:30:000;;
70.181;91.7;654;19.70;0;11:43:30:000;;
70.829;92.6;648;19.70;0;11:43:31:000;;
71.482;91.9;653;19.70;0;11:43:31:000;;
72.153;89.4;671;19.70;0;11:43:33:000;;
72.827;89.0;674;19.70;0;11:43:33:000;;
73.492;90.2;665;19.70;0;11:43:34:000;;
74.148;91.5;656;19.70;0;11:43:35:000;;
74.810;90.6;662;19.70;0;11:43:35:000;;
75.465;91.6;655;19.70;0;11:43:35:000;;
76.111;92.9;646;19.70;0;11:43:36:000;;
76.743;94.9;632;19.70;0;11:43:37:000;;
77.371;95.5;628;19.70;0;11:43:37:000;;
77.996;96.0;625;19.70;0;11:43:38:000;;
78.622;95.8;626;19.70;0;11:43:39:000;;
79.241;96.9;619;19.70;0;11:43:39:000;;
79.861;96.8;620;19.70;0;11:43:40:000;;
80.486;96.0;625;19.70;0;11:43:41:000;;
81.109;96.3;623;19.70;0;11:43:41:000;;
81.724;97.6;615;19.70;0;11:43:42:000;;
82.333;98.5;609;19.70;0;11:43:42:000;;
82.944;98.2;611;19.70;0;11:43:43:000;;
83.544;100.0;600;19.70;0;11:43:43:000;;
84.148;99.3;604;19.70;0;11:43:45:000;;
84.751;99.5;603;19.70;0;11:43:45:000;;
85.354;99.5;603;19.70;0;11:43:46:000;;
85.967;97.9;613;19.70;0;11:43:46:000;;
86.579;98.0;612;19.70;0;11:43:47:000;;
87.186;98.8;607;19.70;0;11:43:47:000;;
87.805;96.9;619;19.70;0;11:43:48:000;;
88.436;95.1;631;19.70;0;11:43:48:000;;
89.082;92.9;646;19.70;0;11:43:49:000;;
89.719;94.2;637;19.70;0;11:43:50:000;;
90.364;93.0;645;19.70;0;11:43:51:000;;
91.019;91.6;655;19.70;0;11:43:51:000;;
91.672;91.9;653;19.70;0;11:43:52:000;;
92.318;92.9;646;19.70;0;11:43:52:000;;
92.960;93.5;642;19.70;0;11:43:53:000;;
93.594;94.6;634;19.70;0;11:43:54:000;;
94.219;96.0;625;19.70;0;11:43:54:000;;
94.844;96.0;625;19.70;0;11:43:55:000;;
95.451;98.8;607;19.70;0;11:43:55:000;;
96.052;99.8;601;19.70;0;11:43:56:000;;
96.647;100.8;595;19.70;0;11:43:57:000;;
97.234;102.2;587;19.70;0;11:43:57:000;;
97.826;101.4;592;19.70;0;11:43:58:000;;
98.409;102.9;583;19.70;0;11:43:59:000;;
98.985;104.2;576;19.70;0;11:43:59:000;;
99.571;102.4;586;19.70;0;11:44:00:000;;
100.163;101.4;592;19.70;0;11:44:00:000;;
100.758;100.8;595;19.70;0;11:44:01:000;;
101.350;101.4;592;19.70;0;11:44:02:000;;
101.949;100.2;599;19.70;0;11:44:02:000;;
102.544;100.8;595;19.70;0;11:44:03:000;;
103.155;98.2;611;19.70;0;11:44:03:000;;
103.772;97.2;617;19.70;0;11:44:04:000;;
104.382;98.4;610;19.70;0;11:44:04:000;;
104.996;97.7;614;19.70;0;11:44:05:000;;
105.629;94.8;633;19.70;0;11:44:06:000;;
106.257;95.5;628;19.70;0;11:44:06:000;;
106.878;96.6;621;19.70;0;11:44:07:000;;
107.516;94.0;638;19.70;0;11:44:08:000;;
108.159;93.3;643;19.70;0;11:44:08:000;;
108.784;96.0;625;19.70;0;11:44:09:000;;
109.405;96.6;621;19.70;0;11:44:10:000;;
110.025;96.8;620;19.70;0;11:44:10:000;;
110.620;100.8;595;19.70;0;11:44:11:000;;
111.210;101.7;590;19.70;0;11:44:11:000;;
111.816;99.0;606;19.70;0;11:44:12:000;;
112.411;100.8;595;19.70;0;11:44:13:000;;
113.004;101.2;593;19.70;0;11:44:13:000;;
113.608;99.3;604;19.70;0;11:44:14:000;;
114.221;97.9;613;19.70;0;11:44:14:000;;
114.843;96.5;622;19.70;0;11:44:15:000;;
115.456;97.9;613;19.70;0;11:44:16:000;;
116.075;96.9;619;19.70;0;11:44:16:000;;
116.702;95.7;627;19.70;0;11:44:17:000;;
117.325;96.3;623;19.70;0;11:44:17:000;;
117.950;96.0;625;19.70;0;11:44:18:000;;
118.577;95.7;627;19.70;0;11:44:19:000;;
119.207;95.2;630;19.70;0;11:44:20:000;;
119.840;94.8;633;19.70;0;11:44:20:000;;
120.484;93.2;644;19.70;0;11:44:21:000;;
121.112;95.5;628;19.70;0;11:44:21:000;;
121.726;97.7;614;19.70;0;11:44:22:000;;
122.373;92.7;647;19.70;0;11:44:22:000;;
122.998;96.0;625;19.70;0;11:44:23:000;;
123.619;96.6;621;19.70;0;11:44:24:000;;
124.241;96.5;622;19.70;0;11:44:24:000;;
124.845;99.3;604;19.70;0;11:44:25:000;;
125.448;99.5;603;19.70;0;11:44:26:000;;
126.045;100.5;597;19.70;0;11:44:26:000;;
126.627;103.1;582;19.70;0;11:44:27:000;;
127.214;102.2;587;19.70;0;11:44:27:000;;
127.786;104.9;572;19.70;0;11:44:28:000;;
128.354;105.6;568;19.70;0;11:44:28:000;;
128.930;104.2;576;19.70;0;11:44:29:000;;
129.491;107.0;561;19.70;0;11:44:29:000;;
130.057;106.0;566;19.70;0;11:44:30:000;;
130.623;106.0;566;19.70;0;11:44:31:000;;
131.184;107.0;561;19.70;0;11:44:32:000;;
131.761;104.0;577;19.70;0;11:44:33:000;;
132.331;105.3;570;19.70;0;11:44:33:000;;
132.896;106.2;565;19.70;0;11:44:33:000;;
133.470;104.5;574;19.70;0;11:44:34:000;;
134.053;102.9;583;19.70;0;11:44:34:000;;
134.634;103.3;581;19.70;0;11:44:35:000;;
135.228;101.0;594;19.70;0;11:44:35:000;;
135.827;100.2;599;19.70;0;11:44:37:000;;
136.411;102.7;584;19.70;0;11:44:37:000;;
137.019;98.7;608;19.70;0;11:44:37:000;;
137.627;98.7;608;19.70;0;11:44:38:000;;
138.224;100.5;597;19.70;0;11:44:39:000;;
138.805;103.3;581;19.70;0;11:44:39:000;;
139.387;103.1;582;19.70;0;11:44:39:000;;
139.967;103.4;580;19.70;0;11:44:40:000;;
140.535;105.6;568;19.70;0;11:44:41:000;;
141.097;106.8;562;19.70;0;11:44:42:000;;
141.653;107.9;556;19.70;0;11:44:42:000;;
142.205;108.7;552;19.70;0;11:44:43:000;;
142.768;106.6;563;19.70;0;11:44:43:000;;
143.316;109.5;548;19.70;0;11:44:44:000;;
143.860;110.3;544;19.70;0;11:44:44:000;;
144.414;108.3;554;19.70;0;11:44:45:000;;
144.972;107.5;558;19.70;0;11:44:45:000;;
145.518;109.9;546;19.70;0;11:44:46:000;;
146.076;107.5;558;19.70;0;11:44:46:000;;
146.643;105.8;567;19.70;0;11:44:47:000;;
147.210;105.8;567;19.70;0;11:44:47:000;;
147.795;102.6;585;19.70;0;11:44:48:000;;
148.386;101.5;591;19.70;0;11:44:49:000;;
148.963;104.0;577;19.70;0;11:44:49:000;;
149.558;100.8;595;19.70;0;11:44:50:000;;
150.162;99.3;604;19.70;0;11:44:51:000;;
150.758;100.7;596;19.70;0;11:44:51:000;;
151.336;103.8;578;19.70;0;11:44:51:000;;
151.930;101.0;594;19.70;0;11:44:52:000;;
152.520;101.7;590;19.70;0;11:44:53:000;;
153.090;105.3;570;19.70;0;11:44:54:000;;
153.661;105.1;571;19.70;0;11:44:54:000;;
154.240;103.6;579;19.70;0;11:44:55:000;;
154.814;104.5;574;19.70;0;11:44:55:000;;
155.381;105.8;567;19.70;0;11:44:56:000;;
155.952;105.1;571;19.70;0;11:44:56:000;;
156.530;103.8;578;19.70;0;11:44:57:000;;
157.102;104.9;572;19.70;0;11:44:57:000;;
157.660;107.5;558;19.70;0;11:44:58:000;;
158.243;102.9;583;19.70;0;11:44:58:000;;
158.824;103.3;581;19.70;0;11:44:59:000;;
159.401;104.0;577;19.70;0;11:45:00:000;;
159.986;102.6;585;19.70;0;11:45:00:000;;
160.583;100.5;597;19.70;0;11:45:01:000;;
161.179;100.7;596;19.70;0;11:45:01:000;;
161.761;103.1;582;19.70;0;11:45:02:000;;
162.353;101.4;592;19.70;0;11:45:03:000;;
162.938;102.6;585;19.70;0;11:45:03:000;;
163.519;103.3;581;19.70;0;11:45:04:000;;
164.108;101.9;589;19.70;0;11:45:04:000;;
164.685;104.0;577;19.70;0;11:45:05:000;;
165.251;106.0;566;19.70;0;11:45:06:000;;
165.813;106.8;562;19.70;0;11:45:06:000;;
166.398;102.6;585;19.70;0;11:45:07:000;;
166.979;103.3;581;19.70;0;11:45:07:000;;
167.554;104.3;575;19.70;0;11:45:08:000;;
168.126;104.9;572;19.70;0;11:45:09:000;;
168.697;105.1;571;19.70;0;11:45:09:000;;
169.261;106.4;564;19.70;0;11:45:09:000;;
169.824;106.6;563;19.70;0;11:45:10:000;;
170.374;109.1;550;19.70;0;11:45:11:000;;
170.935;107.0;561;19.70;0;11:45:11:000;;
171.484;109.3;549;19.70;0;11:45:12:000;;
172.029;110.1;545;19.70;0;11:45:12:000;;
172.579;109.1;550;19.70;0;11:45:13:000;;
173.133;108.3;554;19.70;0;11:45:14:000;;
173.689;107.9;556;19.70;0;11:45:14:000;;
174.240;108.9;551;19.70;0;11:45:14:000;;
174.785;110.1;545;19.70;0;11:45:15:000;;
175.352;105.8;567;19.70;0;11:45:16:000;;
175.911;107.3;559;19.70;0;11:45:16:000;;
176.479;105.6;568;19.70;0;11:45:18:000;;
177.051;104.9;572;19.70;0;11:45:18:000;;
177.624;104.7;573;19.70;0;11:45:18:000;;
178.213;101.9;589;19.70;0;11:45:19:000;;
178.811;100.3;598;19.70;0;11:45:19:000;;
179.417;99.0;606;19.70;0;11:45:20:000;;
180.021;99.3;604;19.70;0;11:45:20:000;;
180.637;97.4;616;19.70;0;11:45:21:000;;
181.245;98.7;608;19.70;0;11:45:21:000;;
181.849;99.3;604;19.70;0;11:45:23:000;;
182.456;98.8;607;19.70;0;11:45:23:000;;
183.054;100.3;598;19.70;0;11:45:24:000;;
183.640;102.4;586;19.70;0;11:45:24:000;;
184.234;101.0;594;19.70;0;11:45:25:000;;
184.814;103.4;580;19.70;0;11:45:25:000;;
185.376;106.8;562;19.70;0;11:45:26:000;;
185.942;106.0;566;19.70;0;11:45:26:000;;
186.513;105.1;571;19.70;0;11:45:27:000;;
187.075;106.8;562;19.70;0;11:45:27:000;;
187.621;109.9;546;19.70;0;11:45:29:000;;
188.179;107.5;558;19.70;0;11:45:29:000;;
188.721;110.7;542;19.70;0;11:45:29:000;;
189.253;112.8;532;19.70;0;11:45:30:000;;
189.799;109.9;546;19.70;0;11:45:30:000;;
190.338;111.3;539;19.70;0;11:45:31:000;;
190.874;111.9;536;19.70;0;11:45:31:000;;
191.427;108.5;553;19.70;0;11:45:32:000;;
191.972;110.1;545;19.70;0;11:45:32:000;;
192.534;106.8;562;19.70;0;11:45:33:000;;
193.093;107.3;559;19.70;0;11:45:33:000;;
193.662;105.4;569;19.70;0;11:45:34:000;;
194.249;102.2;587;19.70;0;11:45:35:000;;
194.849;100.0;600;19.70;0;11:45:35:000;;
195.453;99.3;604;19.70;0;11:45:36:000;;
196.084;95.1;631;19.70;0;11:45:36:000;;
196.709;96.0;625;19.70;0;11:45:37:000;;
197.334;96.0;625;19.70;0;11:45:38:000;;
197.966;94.9;632;19.70;0;11:45:38:000;;
198.577;98.2;611;19.70;0;11:45:39:000;;
199.212;94.5;635;19.70;0;11:45:40:000;;
199.838;95.8;626;19.70;0;11:45:40:000;;
200.452;97.7;614;19.70;0;11:45:41:000;;
201.067;97.6;615;19.70;0;11:45:42:000;;
201.676;98.5;609;19.70;0;11:45:42:000;;
202.265;101.9;589;19.70;0;11:45:43:000;;
202.844;103.6;579;19.70;0;11:45:43:000;;
203.427;102.9;583;19.70;0;11:45:44:000;;
204.009;103.1;582;19.70;0;11:45:44:000;;
204.591;103.1;582;19.70;0;11:45:45:000;;
205.181;101.7;590;19.70;0;11:45:46:000;;
205.766;102.6;585;19.70;0;11:45:46:000;;
206.342;104.2;576;19.70;0;11:45:47:000;;
206.923;103.3;581;19.70;0;11:45:47:000;;
207.502;103.6;579;19.70;0;11:45:48:000;;
208.077;104.3;575;19.70;0;11:45:48:000;;
208.658;103.3;581;19.70;0;11:45:49:000;;
209.233;104.3;575;19.70;0;11:45:49:000;;
209.802;105.4;569;19.70;0;11:45:50:000;;
210.362;107.1;560;19.70;0;11:45:51:000;;
210.926;106.4;564;19.70;0;11:45:52:000;;
211.508;103.1;582;19.70;0;11:45:52:000;;
212.083;104.3;575;19.70;0;11:45:53:000;;
212.653;105.3;570;19.70;0;11:45:53:000;;
213.225;104.9;572;19.70;0;11:45:54:000;;
213.785;107.1;560;19.70;0;11:45:54:000;;
214.358;104.7;573;19.70;0;11:45:55:000;;
214.913;108.1;555;19.70;0;11:45:55:000;;
215.464;108.9;551;19.70;0;11:45:56:000;;
216.023;107.3;559;19.70;0;11:45:57:000;;
216.579;107.9;556;19.70;0;11:45:57:000;;
217.131;108.7;552;19.70;0;11:45:58:000;;
217.676;110.1;545;19.70;0;11:45:58:000;;
218.231;108.1;555;19.70;0;11:45:59:000;;
218.781;109.1;550;19.70;0;11:45:59:000;;
219.328;109.7;547;19.70;0;11:46:00:000;;
219.873;110.1;545;19.70;0;11:46:00:000;;
220.423;109.1;550;19.70;0;11:46:01:000;;
221.007;102.7;584;19.70;0;11:46:01:000;;
221.592;102.6;585;19.70;0;11:46:02:000;;
222.182;101.7;590;19.70;0;11:46:03:000;;
222.791;98.5;609;19.70;0;11:46:03:000;;
223.386;100.8;595;19.70;0;11:46:04:000;;
223.989;99.5;603;19.70;0;11:46:04:000;;
224.599;98.4;610;19.70;0;11:46:05:000;;
225.212;97.9;613;19.70;0;11:46:06:000;;
225.829;97.2;617;19.70;0;11:46:06:000;;
226.433;99.3;604;19.70;0;11:46:07:000;;
227.028;100.8;595;19.70;0;11:46:07:000;;
227.617;101.9;589;19.70;0;11:46:08:000;;
228.193;104.2;576;19.70;0;11:46:09:000;;
228.783;101.7;590;19.70;0;11:46:09:000;;
229.360;104.0;577;19.70;0;11:46:10:000;;
229.935;104.3;575;19.70;0;11:46:11:000;;
230.518;102.9;583;19.70;0;11:46:11:000;;
231.101;102.9;583;19.70;0;11:46:11:000;;
231.676;104.3;575;19.70;0;11:46:12:000;;
232.261;102.6;585;19.70;0;11:46:13:000;;
232.852;101.5;591;19.70;0;11:46:13:000;;
233.435;102.9;583;19.70;0;11:46:14:000;;
234.031;100.7;596;19.70;0;11:46:15:000;;
234.616;102.6;585;19.70;0;11:46:15:000;;
235.202;102.4;586;19.70;0;11:46:16:000;;
235.787;102.6;585;19.70;0;11:46:16:000;;
236.380;101.2;593;19.70;0;11:46:17:000;;
236.974;101.0;594;19.70;0;11:46:17:000;;
237.562;102.0;588;19.70;0;11:46:18:000;;
238.168;99.0;606;19.70;0;11:46:19:000;;
238.763;100.8;595;19.70;0;11:46:20:000;;
239.335;104.9;572;19.70;0;11:46:20:000;;
239.917;103.1;582;19.70;0;11:46:21:000;;
240.489;104.9;572;19.70;0;11:46:21:000;;
241.051;106.8;562;19.70;0;11:46:22:000;;
241.596;110.1;545;19.70;0;11:46:22:000;;
242.138;110.7;542;19.70;0;11:46:23:000;;
242.685;109.7;547;19.70;0;11:46:23:000;;
243.220;112.1;535;19.70;0;11:46:24:000;;
243.753;112.6;533;19.70;0;11:46:24:000;;
244.283;113.2;530;19.70;0;11:46:25:000;;
244.806;114.7;523;19.70;0;11:46:26:000;;
245.341;112.1;535;19.70;0;11:46:26:000;;
245.871;113.2;530;19.70;0;11:46:27:000;;
246.398;113.9;527;19.70;0;11:46:27:000;;
246.925;113.9;527;19.70;0;11:46:27:000;;
247.465;111.1;540;19.70;0;11:46:28:000;;
248.001;111.9;536;19.70;0;11:46:28:000;;
248.533;112.8;532;19.70;0;11:46:29:000;;
249.080;109.7;547;19.70;0;11:46:29:000;;
249.618;111.5;538;19.70;0;11:46:30:000;;
250.165;109.7;547;19.70;0;11:46:30:000;;
250.726;107.0;561;19.70;0;11:46:31:000;;
251.272;109.9;546;19.70;0;11:46:32:000;;
251.817;110.1;545;19.70;0;11:46:32:000;;
252.371;108.3;554;19.70;0;11:46:33:000;;
252.909;111.5;538;19.70;0;11:46:33:000;;
253.451;110.7;542;19.70;0;11:46:34:000;;
254.001;109.1;550;19.70;0;11:46:34:000;;
254.541;111.1;540;19.70;0;11:46:35:000;;
255.081;111.1;540;19.70;0;11:46:35:000;;
255.631;109.1;550;19.70;0;11:46:36:000;;
256.181;109.1;550;19.70;0;11:46:37:000;;
256.749;105.6;568;19.70;0;11:46:37:000;;
257.329;103.4;580;19.70;0;11:46:38:000;;
257.909;103.4;580;19.70;0;11:46:39:000;;
258.504;100.8;595;19.70;0;11:46:39:000;;
259.103;100.2;599;19.70;0;11:46:40:000;;
259.698;100.8;595;19.70;0;11:46:40:000;;
260.308;98.4;610;19.70;0;11:46:41:000;;
260.918;98.4;610;19.70;0;11:46:41:000;;
261.522;99.3;604;19.70;0;11:46:42:000;;
262.128;99.0;606;19.70;0;11:46:43:000;;
262.726;100.3;598;19.70;0;11:46:43:000;;
263.326;100.0;600;19.70;0;11:46:44:000;;
263.912;102.4;586;19.70;0;11:46:45:000;;
264.506;101.0;594;19.70;0;11:46:45:000;;
265.094;102.0;588;19.70;0;11:46:46:000;;
265.674;103.4;580;19.70;0;11:46:46:000;;
266.243;105.4;569;19.70;0;11:46:47:000;;
266.817;104.5;574;19.70;0;11:46:47:000;;
267.383;106.0;566;19.70;0;11:46:48:000;;
267.938;108.1;555;19.70;0;11:46:49:000;;
268.510;104.9;572;19.70;0;11:46:49:000;;
269.077;105.8;567;19.70;0;11:46:50:000;;
269.648;105.1;571;19.70;0;11:46:50:000;;
270.231;102.9;583;19.70;0;11:46:51:000;;
270.816;102.6;585;19.70;0;11:46:51:000;;
271.410;101.0;594;19.70;0;11:46:52:000;;
272.027;97.2;617;19.70;0;11:46:52:000;;
272.644;97.2;617;19.70;0;11:46:53:000;;
273.266;96.5;622;19.70;0;11:46:54:000;;
273.882;97.4;616;19.70;0;11:46:55:000;;
274.488;99.0;606;19.70;0;11:46:55:000;;
275.097;98.5;609;19.70;0;11:46:56:000;;
275.685;102.0;588;19.70;0;11:46:56:000;;
276.306;96.6;621;19.70;0;11:46:57:000;;
276.904;100.3;598;19.70;0;11:46:57:000;;
277.497;101.2;593;19.70;0;11:46:58:000;;
278.093;100.7;596;19.70;0;11:46:58:000;;
278.679;102.4;586;19.70;0;11:46:59:000;;
279.260;103.3;581;19.70;0;11:47:00:000;;
279.847;102.2;587;19.70;0;11:47:01:000;;
280.433;102.4;586;19.70;0;11:47:01:000;;
281.000;105.8;567;19.70;0;11:47:02:000;;
281.566;106.0;566;19.70;0;11:47:02:000;;
282.121;108.1;555;19.70;0;11:47:03:000;;
282.667;109.9;546;19.70;0;11:47:03:000;;
283.207;111.1;540;19.70;0;11:47:04:000;;
283.748;110.9;541;19.70;0;11:47:04:000;;
284.286;111.5;538;19.70;0;11:47:05:000;;
284.815;113.4;529;19.70;0;11:47:06:000;;
285.347;112.8;532;19.70;0;11:47:06:000;;
285.896;109.3;549;19.70;0;11:47:07:000;;
286.445;109.3;549;19.70;0;11:47:07:000;;
287.003;107.5;558;19.70;0;11:47:08:000;;
287.585;103.1;582;19.70;0;11:47:08:000;;
288.193;98.7;608;19.70;0;11:47:09:000;;
288.800;98.8;607;19.70;0;11:47:09:000;;
289.406;99.0;606;19.70;0;11:47:10:000;;
290.019;97.9;613;19.70;0;11:47:10:000;;
290.634;97.6;615;19.70;0;11:47:12:000;;
291.244;98.4;610;19.70;0;11:47:12:000;;
291.850;99.0;606;19.70;0;11:47:13:000;;
292.453;99.5;603;19.70;0;11:47:13:000;;
293.045;101.4;592;19.70;0;11:47:14:000;;
293.651;99.0;606;19.70;0;11:47:14:000;;
294.223;104.9;572;19.70;0;11:47:15:000;;
294.802;103.6;579;19.70;0;11:47:15:000;;
295.380;103.8;578;19.70;0;11:47:16:000;;
295.947;105.8;567;19.70;0;11:47:16:000;;
296.499;108.7;552;19.70;0;11:47:17:000;;
297.037;111.5;538;19.70;0;11:47:18:000;;
297.582;110.1;545;19.70;0;11:47:18:000;;
298.122;111.1;540;19.70;0;11:47:19:000;;
298.650;113.6;528;19.70;0;11:47:19:000;;
299.195;110.1;545;19.70;0;11:47:20:000;;
299.736;110.9;541;19.70;0;11:47:20:000;;
300.270;112.4;534;19.70;0;11:47:21:000;;
300.821;108.9;551;19.70;0;11:47:21:000;;
301.378;107.7;557;19.70;0;11:47:22:000;;
301.930;108.7;552;19.70;0;11:47:22:000;;
302.484;108.3;554;19.70;0;11:47:23:000;;
303.061;104.0;577;19.70;0;11:47:24:000;;
303.645;102.7;584;19.70;0;11:47:25:000;;
304.232;102.2;587;19.70;0;11:47:25:000;;
304.814;103.1;582;19.70;0;11:47:25:000;;
305.403;101.9;589;19.70;0;11:47:26:000;;
305.984;103.3;581;19.70;0;11:47:27:000;;
306.560;104.2;576;19.70;0;11:47:27:000;;
307.142;103.1;582;19.70;0;11:47:28:000;;
307.706;106.4;564;19.70;0;11:47:28:000;;
308.269;106.6;563;19.70;0;11:47:30:000;;
308.822;108.5;553;19.70;0;11:47:30:000;;
309.374;108.7;552;19.70;0;11:47:30:000;;
309.927;108.5;553;19.70;0;11:47:31:000;;
310.463;111.9;536;19.70;0;11:47:31:000;;
311.019;107.9;556;19.70;0;11:47:32:000;;
311.566;109.7;547;19.70;0;11:47:32:000;;
312.099;112.6;533;19.70;0;11:47:33:000;;
312.653;108.3;554;19.70;0;11:47:33:000;;
313.202;109.3;549;19.70;0;11:47:34:000;;
313.739;111.7;537;19.70;0;11:47:35:000;;
314.293;108.3;554;19.70;0;11:47:35:000;;
314.829;111.9;536;19.70;0;11:47:36:000;;
315.360;113.0;531;19.70;0;11:47:36:000;;
315.900;111.1;540;19.70;0;11:47:37:000;;
316.448;109.5;548;19.70;0;11:47:37:000;;
317.004;107.9;556;19.70;0;11:47:38:000;;
317.544;111.1;540;19.70;0;11:47:38:000;;
318.095;108.9;551;19.70;0;11:47:39:000;;
318.641;109.9;546;19.70;0;11:47:39:000;;
319.178;111.7;537;19.70;0;11:47:40:000;;
319.722;110.3;544;19.70;0;11:47:41:000;;
320.266;110.3;544;19.70;0;11:47:41:000;;
320.792;114.1;526;19.70;0;11:47:42:000;;
321.317;114.3;525;19.70;0;11:47:42:000;;
321.846;113.4;529;19.70;0;11:47:43:000;;
322.366;115.4;520;19.70;0;11:47:43:000;;
322.878;117.2;512;19.70;0;11:47:43:000;;
323.401;114.7;523;19.70;0;11:47:44:000;;
323.916;116.5;515;19.70;0;11:47:45:000;;
324.428;117.2;512;19.70;0;11:47:45:000;;
324.959;113.0;531;19.70;0;11:47:45:000;;
325.490;113.0;531;19.70;0;11:47:46:000;;
326.017;113.9;527;19.70;0;11:47:47:000;;
326.558;110.9;541;19.70;0;11:47:47:000;;
327.103;110.1;545;19.70;0;11:47:48:000;;
327.643;111.1;540;19.70;0;11:47:48:000;;
328.197;108.3;554;19.70;0;11:47:49:000;;
328.766;105.4;569;19.70;0;11:47:49:000;;
329.344;103.8;578;19.70;0;11:47:50:000;;
329.930;102.4;586;19.70;0;11:47:51:000;;
330.498;105.6;568;19.70;0;11:47:51:000;;
331.071;104.7;573;19.70;0;11:47:52:000;;
331.681;98.4;610;19.70;0;11:47:53:000;;
332.282;99.8;601;19.70;0;11:47:53:000;;
332.887;99.2;605;19.70;0;11:47:54:000;;
333.503;97.4;616;19.70;0;11:47:55:000;;
334.100;100.5;597;19.70;0;11:47:55:000;;
334.717;97.2;617;19.70;0;11:47:55:000;;
335.313;100.7;596;19.70;0;11:47:56:000;;
335.906;101.2;593;19.70;0;11:47:56:000;;
336.497;101.5;591;19.70;0;11:47:57:000;;
337.079;103.1;582;19.70;0;11:47:58:000;;
337.647;105.6;568;19.70;0;11:47:59:000;;
338.222;104.3;575;19.70;0;11:47:59:000;;
338.778;107.9;556;19.70;0;11:48:00:000;;
339.336;107.5;558;19.70;0;11:48:00:000;;
339.891;108.1;555;19.70;0;11:48:01:000;;
340.431;111.1;540;19.70;0;11:48:01:000;;
340.974;110.5;543;19.70;0;11:48:02:000;;
341.520;109.9;546;19.70;0;11:48:02:000;;
342.059;111.3;539;19.70;0;11:48:03:000;;
342.588;113.4;529;19.70;0;11:48:04:000;;
343.124;111.9;536;19.70;0;11:48:04:000;;
343.658;112.4;534;19.70;0;11:48:05:000;;
344.187;113.4;529;19.70;0;11:48:05:000;;
344.722;112.1;535;19.70;0;11:48:05:000;;
345.262;111.1;540;19.70;0;11:48:06:000;;
345.788;114.1;526;19.70;0;11:48:07:000;;
346.326;111.5;538;19.70;0;11:48:07:000;;
346.874;109.5;548;19.70;0;11:48:08:000;;
347.406;112.8;532;19.70;0;11:48:08:000;;
347.946;111.1;540;19.70;0;11:48:08:000;;
348.502;107.9;556;19.70;0;11:48:09:000;;
349.046;110.3;544;19.70;0;11:48:10:000;;
349.590;110.3;544;19.70;0;11:48:11:000;;
350.151;107.0;561;19.70;0;11:48:11:000;;
350.710;107.3;559;19.70;0;11:48:11:000;;
351.264;108.3;554;19.70;0;11:48:12:000;;
351.814;109.1;550;19.70;0;11:48:13:000;;
352.368;108.3;554;19.70;0;11:48:13:000;;
352.916;109.5;548;19.70;0;11:48:14:000;;
353.486;105.3;570;19.70;0;11:48:14:000;;
354.049;106.6;563;19.70;0;11:48:15:000;;
354.613;106.4;564;19.70;0;11:48:16:000;;
355.180;105.8;567;19.70;0;11:48:16:000;;
355.738;107.5;558;19.70;0;11:48:17:000;;
356.289;108.9;551;19.70;0;11:48:17:000;;
356.845;107.9;556;19.70;0;11:48:18:000;;
357.390;110.1;545;19.70;0;11:48:18:000;;
357.925;112.1;535;19.70;0;11:48:19:000;;
358.440;116.5;515;19.70;0;11:48:19:000;;
358.970;113.2;530;19.70;0;11:48:20:000;;
359.495;114.3;525;19.70;0;11:48:21:000;;
360.009;116.7;514;19.70;0;11:48:21:000;;
360.528;115.6;519;19.70;0;11:48:22:000;;
361.062;112.4;534;19.70;0;11:48:22:000;;
361.587;114.3;525;19.70;0;11:48:22:000;;
362.107;115.4;520;19.70;0;11:48:23:000;;
362.647;111.1;540;19.70;0;11:48:24:000;;
363.190;110.5;543;19.70;0;11:48:24:000;;
363.726;111.9;536;19.70;0;11:48:24:000;;
364.292;106.0;566;19.70;0;11:48:25:000;;
364.861;105.4;569;19.70;0;11:48:26:000;;
365.432;105.1;571;19.70;0;11:48:26:000;;
366.012;103.4;580;19.70;0;11:48:27:000;;
366.605;101.2;593;19.70;0;11:48:28:000;;
367.205;100.0;600;19.70;0;11:48:28:000;;
367.797;101.4;592;19.70;0;11:48:29:000;;
368.393;100.7;596;19.70;0;11:48:29:000;;
368.978;102.6;585;19.70;0;11:48:30:000;;
369.552;104.5;574;19.70;0;11:48:30:000;;
370.137;102.6;585;19.70;0;11:48:31:000;;
370.714;104.0;577;19.70;0;11:48:31:000;;
371.284;105.3;570;19.70;0;11:48:32:000;;
371.865;103.3;581;19.70;0;11:48:33:000;;
372.459;101.0;594;19.70;0;11:48:33:000;;
373.047;102.0;588;19.70;0;11:48:34:000;;
373.641;101.0;594;19.70;0;11:48:34:000;;
374.258;97.2;617;19.70;0;11:48:35:000;;
374.864;99.0;606;19.70;0;11:48:36:000;;
375.465;99.8;601;19.70;0;11:48:36:000;;
376.084;96.9;619;19.70;0;11:48:37:000;;
376.700;97.4;616;19.70;0;11:48:37:000;;
377.295;100.8;595;19.70;0;11:48:39:000;;
377.904;98.5;609;19.70;0;11:48:39:000;;
378.509;99.2;605;19.70;0;11:48:40:000;;
379.101;101.4;592;19.70;0;11:48:40:000;;
379.684;102.9;583;19.70;0;11:48:40:000;;
380.272;102.0;588;19.70;0;11:48:41:000;;
380.850;103.8;578;19.70;0;11:48:42:000;;
381.420;105.3;570;19.70;0;11:48:42:000;;
381.996;104.2;576;19.70;0;11:48:43:000;;
382.570;104.5;574;19.70;0;11:48:44:000;;
383.142;104.9;572;19.70;0;11:48:44:000;;
383.721;103.6;579;19.70;0;11:48:45:000;;
384.300;103.6;579;19.70;0;11:48:45:000;;
384.875;104.3;575;19.70;0;11:48:46:000;;
385.447;104.9;572;19.70;0;11:48:46:000;;
386.029;103.1;582;19.70;0;11:48:47:000;;
386.606;104.0;577;19.70;0;11:48:48:000;;
387.162;107.9;556;19.70;0;11:48:48:000;;
387.737;104.3;575;19.70;0;11:48:48:000;;
388.312;104.3;575;19.70;0;11:48:49:000;;
388.867;108.1;555;19.70;0;11:48:50:000;;
389.446;103.6;579;19.70;0;11:48:50:000;;
390.029;102.9;583;19.70;0;11:48:51:000;;
390.596;105.8;567;19.70;0;11:48:52:000;;
391.179;102.9;583;19.70;0;11:48:52:000;;
391.761;103.1;582;19.70;0;11:48:53:000;;
392.324;106.6;563;19.70;0;11:48:53:000;;
392.908;102.7;584;19.70;0;11:48:54:000;;
393.484;104.2;576;19.70;0;11:48:54:000;;
394.044;107.1;560;19.70;0;11:48:55:000;;
394.622;103.8;578;19.70;0;11:48:56:000;;
395.190;105.6;568;19.70;0;11:48:56:000;;
395.745;108.1;555;19.70;0;11:48:57:000;;
396.323;103.8;578;19.70;0;11:48:57:000;;
396.890;105.8;567;19.70;0;11:48:58:000;;
397.447;107.7;557;19.70;0;11:48:58:000;;
398.012;106.2;565;19.70;0;11:48:59:000;;
398.580;105.6;568;19.70;0;11:48:59:000;;
399.150;105.3;570;19.70;0;11:49:00:000;;
399.708;107.5;558;19.70;0;11:49:00:000;;
400.283;104.3;575;19.70;0;11:49:01:000;;
400.858;104.3;575;19.70;0;11:49:02:000;;
401.427;105.4;569;19.70;0;11:49:03:000;;
402.002;104.3;575;19.70;0;11:49:03:000;;
402.568;106.0;566;19.70;0;11:49:03:000;;
403.150;103.1;582;19.70;0;11:49:04:000;;
403.736;102.4;586;19.70;0;11:49:05:000;;
404.320;102.7;584;19.70;0;11:49:05:000;;
404.900;103.4;580;19.70;0;11:49:06:000;;
405.489;101.9;589;19.70;0;11:49:07:000;;
406.073;102.7;584;19.70;0;11:49:07:000;;
406.653;103.4;580;19.70;0;11:49:08:000;;
407.233;103.4;580;19.70;0;11:49:09:000;;
407.812;103.6;579;19.70;0;11:49:09:000;;
408.386;104.5;574;19.70;0;11:49:09:000;;
408.965;103.6;579;19.70;0;11:49:10:000;;
409.543;103.8;578;19.70;0;11:49:10:000;;
410.125;103.1;582;19.70;0;11:49:11:000;;
410.709;102.7;584;19.70;0;11:49:11:000;;
411.304;100.8;595;19.70;0;11:49:13:000;;
411.914;98.4;610;19.70;0;11:49:13:000;;
412.522;98.7;608;19.70;0;11:49:14:000;;
413.158;94.3;636;19.70;0;11:49:14:000;;
413.812;91.7;654;19.70;0;11:49:15:000;;
414.455;93.3;643;19.70;0;11:49:16:000;;
415.122;90.0;667;19.70;0;11:49:16:000;;
415.805;87.8;683;19.70;0;11:49:17:000;;
416.470;90.2;665;19.70;0;11:49:17:000;;
417.137;90.0;667;19.70;0;11:49:18:000;;
417.819;88.0;682;19.70;0;11:49:19:000;;
418.484;90.2;665;19.70;0;11:49:19:000;;
419.140;91.5;656;19.70;0;11:49:20:000;;
419.766;95.8;626;19.70;0;11:49:21:000;;
420.402;94.3;636;19.70;0;11:49:21:000;;
421.062;90.9;660;19.70;0;11:49:22:000;;
421.756;86.5;694;19.70;0;11:49:23:000;;
422.478;83.1;722;19.70;0;11:49:23:000;;
423.210;82.0;732;19.70;0;11:49:25:000;;
423.952;80.9;742;19.70;0;11:49:25:000;;
424.717;78.4;765;19.70;0;11:49:26:000;;
425.515;75.2;798;19.70;0;11:49:27:000;;
426.289;77.5;774;19.70;0;11:49:28:000;;
427.137;70.8;848;19.70;0;11:49:28:000;;
427.904;78.2;767;19.70;0;11:49:29:000;;
428.675;77.8;771;19.70;0;11:49:30:000;;
429.420;80.5;745;19.70;0;11:49:31:000;;
430.124;85.2;704;19.70;0;11:49:32:000;;
430.832;84.7;708;19.70;0;11:49:32:000;;
431.502;89.6;670;19.70;0;11:49:33:000;;
432.213;84.4;711;19.70;0;11:49:33:000;;
433.028;73.6;815;19.70;0;11:49:34:000;;
433.830;74.8;802;19.70;0;11:49:35:000;;
434.606;77.3;776;19.70;0;11:49:36:000;;
435.446;71.4;840;19.70;0;11:49:37:000;;
436.190;80.6;744;19.70;0;11:49:37:000;;
436.980;75.9;790;19.70;0;11:49:38:000;;
437.708;82.4;728;19.70;0;11:49:39:000;;
438.501;75.7;793;19.70;0;11:49:39:000;;
439.244;80.8;743;19.70;0;11:49:40:000;;
439.997;79.7;753;19.70;0;11:49:41:000;;
440.717;83.3;720;19.70;0;11:49:42:000;;
441.415;86.0;698;19.70;0;11:49:43:000;;
442.085;89.6;670;19.70;0;11:49:43:000;;
442.728;93.3;643;19.70;0;11:49:44:000;;
443.345;97.2;617;19.70;0;11:49:44:000;;
443.972;95.7;627;19.70;0;11:49:45:000;;
444.613;93.6;641;19.70;0;11:49:45:000;;
445.292;88.4;679;19.70;0;11:49:46:000;;
445.989;86.1;697;19.70;0;11:49:47:000;;
446.685;86.2;696;19.70;0;11:49:48:000;;
447.385;85.7;700;19.70;0;11:49:49:000;;
448.061;88.8;676;19.70;0;11:49:49:000;;
448.740;88.4;679;19.70;0;11:49:50:000;;
449.440;85.7;700;19.70;0;11:49:50:000;;
450.116;88.8;676;19.70;0;11:49:51:000;;
450.815;85.8;699;19.70;0;11:49:52:000;;
451.491;88.8;676;19.70;0;11:49:53:000;;
452.167;88.8;676;19.70;0;11:49:53:000;;
452.857;87.0;690;19.70;0;11:49:54:000;;
453.545;87.2;688;19.70;0;11:49:55:000;;
454.239;86.5;694;19.70;0;11:49:55:000;;
454.924;87.6;685;19.70;0;11:49:56:000;;
455.589;90.2;665;19.70;0;11:49:57:000;;
456.254;90.2;665;19.70;0;11:49:57:000;;
456.930;88.8;676;19.70;0;11:49:58:000;;
457.605;88.9;675;19.70;0;11:49:59:000;;
458.280;88.9;675;19.70;0;11:49:59:000;;
458.971;86.8;691;19.70;0;11:50:00:000;;
459.622;92.2;651;19.70;0;11:50:01:000;;
460.290;89.8;668;19.70;0;11:50:01:000;;
460.967;88.6;677;19.70;0;11:50:02:000;;
461.639;89.3;672;19.70;0;11:50:03:000;;
462.314;88.9;675;19.70;0;11:50:03:000;;
462.995;88.1;681;19.70;0;11:50:04:000;;
463.652;91.3;657;19.70;0;11:50:05:000;;
464.312;90.9;660;19.70;0;11:50:05:000;;
464.974;90.6;662;19.70;0;11:50:06:000;;
465.620;92.9;646;19.70;0;11:50:07:000;;
466.272;92.0;652;19.70;0;11:50:07:000;;
466.929;91.3;657;19.70;0;11:50:08:000;;
467.577;92.6;648;19.70;0;11:50:08:000;;
468.236;91.0;659;19.70;0;11:50:09:000;;
468.882;92.9;646;19.70;0;11:50:10:000;;
469.529;92.7;647;19.70;0;11:50:11:000;;
470.187;91.2;658;19.70;0;11:50:11:000;;
470.827;93.8;640;19.70;0;11:50:12:000;;
471.483;91.5;656;19.70;0;11:50:13:000;;
472.136;91.9;653;19.70;0;11:50:13:000;;
472.782;92.9;646;19.70;0;11:50:14:000;;
473.442;90.9;660;19.70;0;11:50:14:000;;
474.095;91.9;653;19.70;0;11:50:15:000;;
474.752;91.3;657;19.70;0;11:50:16:000;;
475.396;93.2;644;19.70;0;11:50:17:000;;
476.031;94.5;635;19.70;0;11:50:17:000;;
476.684;91.9;653;19.70;0;11:50:18:000;;
477.321;94.2;637;19.70;0;11:50:18:000;;
477.969;92.6;648;19.70;0;11:50:19:000;;
478.631;90.6;662;19.70;0;11:50:20:000;;
479.302;89.4;671;19.70;0;11:50:20:000;;
479.969;90.0;667;19.70;0;11:50:21:000;;
480.649;88.2;680;19.70;0;11:50:21:000;;
481.325;88.8;676;19.70;0;11:50:23:000;;
481.992;90.0;667;19.70;0;11:50:23:000;;
482.650;91.2;658;19.70;0;11:50:24:000;;
483.310;90.9;660;19.70;0;11:50:24:000;;
483.954;93.2;644;19.70;0;11:50:25:000;;
484.587;94.8;633;19.70;0;11:50:26:000;;
485.219;94.9;632;19.70;0;11:50:26:000;;
485.839;96.8;620;19.70;0;11:50:27:000;;
486.446;98.8;607;19.70;0;11:50:28:000;;
487.053;98.8;607;19.70;0;11:50:28:000;;
487.666;97.9;613;19.70;0;11:50:29:000;;
488.274;98.7;608;19.70;0;11:50:29:000;;
488.893;96.9;619;19.70;0;11:50:30:000;;
489.536;93.3;643;19.70;0;11:50:31:000;;
490.182;92.9;646;19.70;0;11:50:31:000;;
490.844;90.6;662;19.70;0;11:50:32:000;;
491.537;86.6;693;19.70;0;11:50:32:000;;
492.231;86.5;694;19.70;0;11:50:34:000;;
492.936;85.1;705;19.70;0;11:50:34:000;;
493.669;81.9;733;19.70;0;11:50:35:000;;
494.378;84.6;709;19.70;0;11:50:36:000;;
495.097;83.4;719;19.70;0;11:50:36:000;;
495.834;81.4;737;19.70;0;11:50:37:000;;
496.530;86.2;696;19.70;0;11:50:38:000;;
497.257;82.5;727;19.70;0;11:50:38:000;;
498.034;77.2;777;19.70;0;11:50:39:000;;
498.791;79.3;757;19.70;0;11:50:40:000;;
499.568;77.2;777;19.70;0;11:50:41:000;;
500.400;72.1;832;19.70;0;11:50:42:000;;
501.213;73.8;813;19.70;0;11:50:42:000;;
501.973;78.9;760;19.70;0;11:50:44:000;;
502.744;77.8;771;19.70;0;11:50:44:000;;
503.525;76.8;781;19.70;0;11:50:44:000;;
504.273;80.2;748;19.70;0;11:50:46:000;;
505.114;71.3;841;19.70;0;11:50:46:000;;
506.068;62.9;954;19.70;0;11:50:47:000;;
506.939;68.9;871;19.70;0;11:50:48:000;;
507.786;70.8;847;19.70;0;11:50:49:000;;
508.651;69.4;865;19.70;0;11:50:50:000;;
509.467;73.5;816;19.70;0;11:50:51:000;;
510.241;77.5;774;19.70;0;11:50:51:000;;
511.025;76.5;784;19.70;0;11:50:52:000;;
511.758;81.9;733;19.70;0;11:50:53:000;;
512.485;82.5;727;19.70;0;11:50:54:000;;
513.191;85.0;706;19.70;0;11:50:54:000;;
513.872;88.1;681;19.70;0;11:50:55:000;;
514.542;89.6;670;19.70;0;11:50:55:000;;
515.190;92.6;648;19.70;0;11:50:57:000;;
515.813;96.3;623;19.70;0;11:50:57:000;;
516.440;95.7;627;19.70;0;11:50:58:000;;
517.081;93.6;641;19.70;0;11:50:59:000;;
517.740;91.0;659;19.70;0;11:50:59:000;;
518.391;92.2;651;19.70;0;11:51:00:000;;
519.071;88.2;680;19.70;0;11:51:00:000;;
519.750;88.4;679;19.70;0;11:51:01:000;;
520.415;90.2;665;19.70;0;11:51:01:000;;
521.095;88.2;680;19.70;0;11:51:02:000;;
521.754;91.0;659;19.70;0;11:51:03:000;;
522.429;88.9;675;19.70;0;11:51:04:000;;
523.093;90.4;664;19.70;0;11:51:04:000;;
523.780;87.3;687;19.70;0;11:51:05:000;;
524.449;89.7;669;19.70;0;11:51:06:000;;
525.138;87.1;689;19.70;0;11:51:06:000;;
525.837;85.8;699;19.70;0;11:51:07:000;;
526.539;85.5;702;19.70;0;11:51:08:000;;
527.244;85.1;705;19.70;0;11:51:09:000;;
527.935;86.8;691;19.70;0;11:51:09:000;;
528.634;85.8;699;19.70;0;11:51:10:000;;
529.308;89.0;674;19.70;0;11:51:10:000;;
529.976;89.8;668;19.70;0;11:51:11:000;;
530.623;92.7;647;19.70;0;11:51:12:000;;
531.256;94.8;633;19.70;0;11:51:12:000;;
531.881;96.0;625;19.70;0;11:51:13:000;;
532.486;99.2;605;19.70;0;11:51:14:000;;
533.085;100.2;599;19.70;0;11:51:14:000;;
533.683;100.3;598;19.70;0;11:51:15:000;;
534.275;101.4;592;19.70;0;11:51:16:000;;
534.887;98.0;612;19.70;0;11:51:17:000;;
535.510;96.3;623;19.70;0;11:51:17:000;;
536.147;94.2;637;19.70;0;11:51:17:000;;
536.809;90.6;662;19.70;0;11:51:18:000;;
537.461;92.0;652;19.70;0;11:51:19:000;;
538.117;91.5;656;19.70;0;11:51:20:000;;
538.768;92.2;651;19.70;0;11:51:20:000;;
539.421;91.9;653;19.70;0;11:51:21:000;;
540.056;94.5;635;19.70;0;11:51:21:000;;
540.698;93.5;642;19.70;0;11:51:22:000;;
541.330;94.9;632;19.70;0;11:51:22:000;;
541.941;98.2;611;19.70;0;11:51:23:000;;
542.551;98.4;610;19.70;0;11:51:24:000;;
543.174;96.3;623;19.70;0;11:51:24:000;;
543.792;97.1;618;19.70;0;11:51:25:000;;
544.408;97.4;616;19.70;0;11:51:26:000;;
545.033;96.0;625;19.70;0;11:51:26:000;;
545.648;97.6;615;19.70;0;11:51:27:000;;
546.266;97.1;618;19.70;0;11:51:28:000;;
546.881;97.6;615;19.70;0;11:51:28:000;;
547.493;98.0;612;19.70;0;11:51:29:000;;
548.097;99.3;604;19.70;0;11:51:29:000;;
548.714;97.2;617;19.70;0;11:51:30:000;;
549.319;99.2;605;19.70;0;11:51:30:000;;
549.940;96.6;621;19.70;0;11:51:31:000;;
550.548;98.7;608;19.70;0;11:51:32:000;;
551.162;97.7;614;19.70;0;11:51:32:000;;
551.771;98.5;609;19.70;0;11:51:33:000;;
552.387;97.4;616;19.70;0;11:51:34:000;;
553.000;97.9;613;19.70;0;11:51:34:000;;
553.612;98.0;612;19.70;0;11:51:35:000;;
554.231;96.9;619;19.70;0;11:51:35:000;;
554.838;98.8;607;19.70;0;11:51:36:000;;
555.456;97.1;618;19.70;0;11:51:37:000;;
556.058;99.7;602;19.70;0;11:51:37:000;;
556.652;101.0;594;19.70;0;11:51:38:000;;
557.245;101.2;593;19.70;0;11:51:39:000;;
557.836;101.5;591;19.70;0;11:51:39:000;;
558.434;100.3;598;19.70;0;11:51:40:000;;
559.038;99.3;604;19.70;0;11:51:40:000;;
559.637;100.2;599;19.70;0;11:51:41:000;;
560.246;98.5;609;19.70;0;11:51:42:000;;
560.858;98.0;612;19.70;0;11:51:42:000;;
561.467;98.5;609;19.70;0;11:51:43:000;;
562.083;97.4;616;19.70;0;11:51:43:000;;
562.705;96.5;622;19.70;0;11:51:44:000;;
563.324;96.9;619;19.70;0;11:51:45:000;;
563.941;97.2;617;19.70;0;11:51:45:000;;
564.560;96.9;619;19.70;0;11:51:46:000;;
565.180;96.8;620;19.70;0;11:51:46:000;;
565.798;97.1;618;19.70;0;11:51:47:000;;
566.415;97.2;617;19.70;0;11:51:47:000;;
567.041;95.8;626;19.70;0;11:51:49:000;;
567.652;98.2;611;19.70;0;11:51:49:000;;
568.269;97.2;617;19.70;0;11:51:50:000;;
568.899;95.2;630;19.70;0;11:51:50:000;;
569.517;97.1;618;19.70;0;11:51:51:000;;
570.135;97.1;618;19.70;0;11:51:51:000;;
570.769;94.6;634;19.70;0;11:51:52:000;;
571.383;97.7;614;19.70;0;11:51:53:000;;
571.996;97.9;613;19.70;0;11:51:54:000;;
572.621;96.0;625;19.70;0;11:51:54:000;;
573.238;97.2;617;19.70;0;11:51:55:000;;
573.850;98.0;612;19.70;0;11:51:55:000;;
574.456;99.0;606;19.70;0;11:51:56:000;;
575.067;98.2;611;19.70;0;11:51:56:000;;
575.665;100.3;598;19.70;0;11:51:57:000;;
576.252;102.2;587;19.70;0;11:51:57:000;;
576.846;101.0;594;19.70;0;11:51:58:000;;
577.431;102.6;585;19.70;0;11:51:59:000;;
578.005;104.5;574;19.70;0;11:52:00:000;;
578.584;103.6;579;19.70;0;11:52:00:000;;
579.161;104.0;577;19.70;0;11:52:01:000;;
579.726;106.2;565;19.70;0;11:52:01:000;;
580.303;104.0;577;19.70;0;11:52:02:000;;
580.880;104.0;577;19.70;0;11:52:02:000;;
581.447;105.8;567;19.70;0;11:52:03:000;;
582.010;106.6;563;19.70;0;11:52:03:000;;
582.586;104.2;576;19.70;0;11:52:04:000;;
583.154;105.6;568;19.70;0;11:52:04:000;;
583.726;104.9;572;19.70;0;11:52:05:000;;
584.304;103.8;578;19.70;0;11:52:06:000;;
584.876;104.9;572;19.70;0;11:52:06:000;;
585.464;102.0;588;19.70;0;11:52:07:000;;
586.047;102.9;583;19.70;0;11:52:08:000;;
586.618;105.1;571;19.70;0;11:52:08:000;;
587.198;103.4;580;19.70;0;11:52:08:000;;
587.780;103.1;582;19.70;0;11:52:09:000;;
588.352;104.9;572;19.70;0;11:52:09:000;;
588.910;107.5;558;19.70;0;11:52:10:000;;
589.456;109.9;546;19.70;0;11:52:11:000;;
590.015;107.3;559;19.70;0;11:52:11:000;;
590.566;108.9;551;19.70;0;11:52:12:000;;
591.111;110.1;545;19.70;0;11:52:13:000;;
591.666;108.1;555;19.70;0;11:52:13:000;;
592.221;108.1;555;19.70;0;11:52:13:000;;
592.774;108.5;553;19.70;0;11:52:14:000;;
593.344;105.3;570;19.70;0;11:52:15:000;;
593.919;104.3;575;19.70;0;11:52:15:000;;
594.493;104.5;574;19.70;0;11:52:16:000;;
595.078;102.6;585;19.70;0;11:52:16:000;;
595.656;103.8;578;19.70;0;11:52:17:000;;
596.241;102.6;585;19.70;0;11:52:18:000;;
596.839;100.3;598;19.70;0;11:52:19:000;;
597.417;103.8;578;19.70;0;11:52:19:000;;
598.003;102.4;586;19.70;0;11:52:20:000;;
598.574;105.1;571;19.70;0;11:52:20:000;;
599.156;103.1;582;19.70;0;11:52:20:000;;
599.723;105.8;567;19.70;0;11:52:21:000;;
600.290;105.8;567;19.70;0;11:52:22:000;;
600.850;107.1;560;19.70;0;11:52:22:000;;
601.401;108.9;551;19.70;0;11:52:23:000;;
601.952;108.9;551;19.70;0;11:52:23:000;;
602.500;109.5;548;19.70;0;11:52:24:000;;
603.040;111.1;540;19.70;0;11:52:24:000;;
603.595;108.1;555;19.70;0;11:52:25:000;;
604.146;108.9;551;19.70;0;11:52:26:000;;
604.686;111.1;540;19.70;0;11:52:26:000;;
605.240;108.3;554;19.70;0;11:52:26:000;;
605.792;108.7;552;19.70;0;11:52:27:000;;
606.338;109.9;546;19.70;0;11:52:28:000;;
606.900;106.8;562;19.70;0;11:52:29:000;;
607.450;109.1;550;19.70;0;11:52:29:000;;
607.996;109.9;546;19.70;0;11:52:30:000;;
608.558;106.8;562;19.70;0;11:52:30:000;;
609.110;108.7;552;19.70;0;11:52:31:000;;
609.659;109.3;549;19.70;0;11:52:31:000;;
610.215;107.9;556;19.70;0;11:52:32:000;;
610.771;107.9;556;19.70;0;11:52:32:000;;
611.326;108.1;555;19.70;0;11:52:33:000;;
611.884;107.5;558;19.70;0;11:52:33:000;;
612.441;107.7;557;19.70;0;11:52:34:000;;
612.998;107.7;557;19.70;0;11:52:35:000;;
613.566;105.6;568;19.70;0;11:52:35:000;;
614.129;106.6;563;19.70;0;11:52:36:000;;
614.685;107.9;556;19.70;0;11:52:36:000;;
615.243;107.5;558;19.70;0;11:52:37:000;;
615.796;108.5;553;19.70;0;11:52:37:000;;
616.339;110.5;543;19.70;0;11:52:38:000;;
616.891;108.7;552;19.70;0;11:52:38:000;;
617.434;110.5;543;19.70;0;11:52:39:000;;
617.977;110.5;543;19.70;0;11:52:39:000;;
618.532;108.1;555;19.70;0;11:52:40:000;;
619.078;109.9;546;19.70;0;11:52:41:000;;
619.621;110.5;543;19.70;0;11:52:41:000;;
620.173;108.7;552;19.70;0;11:52:42:000;;
620.725;108.7;552;19.70;0;11:52:42:000;;
621.277;108.7;552;19.70;0;11:52:43:000;;
621.842;106.2;565;19.70;0;11:52:43:000;;
622.411;105.4;569;19.70;0;11:52:44:000;;
622.972;107.0;561;19.70;0;11:52:44:000;;
623.533;107.0;561;19.70;0;11:52:45:000;;
624.103;105.3;570;19.70;0;11:52:46:000;;
624.675;104.9;572;19.70;0;11:52:46:000;;
625.238;106.6;563;19.70;0;11:52:47:000;;
625.787;109.3;549;19.70;0;11:52:47:000;;
626.353;106.0;566;19.70;0;11:52:48:000;;
626.917;106.4;564;19.70;0;11:52:48:000;;
627.470;108.5;553;19.70;0;11:52:49:000;;
628.015;110.1;545;19.70;0;11:52:49:000;;
628.567;108.7;552;19.70;0;11:52:50:000;;
629.112;110.1;545;19.70;0;11:52:50:000;;
629.655;110.5;543;19.70;0;11:52:51:000;;
630.186;113.0;531;19.70;0;11:52:52:000;;
630.722;111.9;536;19.70;0;11:52:52:000;;
631.257;112.1;535;19.70;0;11:52:53:000;;
631.787;113.2;530;19.70;0;11:52:54:000;;
632.327;111.1;540;19.70;0;11:52:54:000;;
632.867;111.1;540;19.70;0;11:52:54:000;;
633.403;111.9;536;19.70;0;11:52:55:000;;
633.942;111.3;539;19.70;0;11:52:55:000;;
634.492;109.1;550;19.70;0;11:52:56:000;;
635.041;109.3;549;19.70;0;11:52:56:000;;
635.589;109.5;548;19.70;0;11:52:57:000;;
636.150;107.0;561;19.70;0;11:52:58:000;;
636.698;109.5;548;19.70;0;11:52:58:000;;
637.251;108.5;553;19.70;0;11:52:59:000;;
637.816;106.2;565;19.70;0;11:52:59:000;;
638.362;109.9;546;19.70;0;11:53:00:000;;
638.917;108.1;555;19.70;0;11:53:00:000;;
639.473;107.9;556;19.70;0;11:53:01:000;;
640.019;109.9;546;19.70;0;11:53:01:000;;
640.575;107.9;556;19.70;0;11:53:02:000;;
641.134;107.3;559;19.70;0;11:53:03:000;;
641.685;108.9;551;19.70;0;11:53:03:000;;
642.245;107.1;560;19.70;0;11:53:04:000;;
642.812;105.8;567;19.70;0;11:53:04:000;;
643.375;106.6;563;19.70;0;11:53:05:000;;
643.940;106.2;565;19.70;0;11:53:05:000;;
644.507;105.8;567;19.70;0;11:53:06:000;;
645.069;106.8;562;19.70;0;11:53:07:000;;
645.630;107.0;561;19.70;0;11:53:07:000;;
646.195;106.2;565;19.70;0;11:53:07:000;;
646.755;107.1;560;19.70;0;11:53:08:000;;
647.307;108.7;552;19.70;0;11:53:09:000;;
647.874;105.8;567;19.70;0;11:53:10:000;;
648.435;107.0;561;19.70;0;11:53:10:000;;
648.988;108.5;553;19.70;0;11:53:11:000;;
649.555;105.8;567;19.70;0;11:53:11:000;;
650.129;104.5;574;19.70;0;11:53:12:000;;
650.697;105.6;568;19.70;0;11:53:13:000;;
651.264;105.8;567;19.70;0;11:53:13:000;;
651.842;103.8;578;19.70;0;11:53:13:000;;
652.415;104.7;573;19.70;0;11:53:14:000;;
652.979;106.4;564;19.70;0;11:53:15:000;;
653.555;104.2;576;19.70;0;11:53:15:000;;
654.130;104.3;575;19.70;0;11:53:16:000;;
654.699;105.4;569;19.70;0;11:53:16:000;;
655.274;104.3;575;19.70;0;11:53:17:000;;
655.841;105.8;567;19.70;0;11:53:17:000;;
656.399;107.5;558;19.70;0;11:53:18:000;;
656.961;106.8;562;19.70;0;11:53:18:000;;
657.509;109.5;548;19.70;0;11:53:19:000;;
658.046;111.7;537;19.70;0;11:53:19:000;;
658.589;110.5;543;19.70;0;11:53:20:000;;
659.126;111.7;537;19.70;0;11:53:21:000;;
659.656;113.2;530;19.70;0;11:53:21:000;;
660.186;113.2;530;19.70;0;11:53:22:000;;
660.727;110.9;541;19.70;0;11:53:22:000;;
661.268;110.9;541;19.70;0;11:53:23:000;;
661.803;112.1;535;19.70;0;11:53:23:000;;
662.332;113.4;529;19.70;0;11:53:24:000;;
662.872;111.1;540;19.70;0;11:53:24:000;;
663.411;111.3;539;19.70;0;11:53:25:000;;
663.942;113.0;531;19.70;0;11:53:25:000;;
664.476;112.4;534;19.70;0;11:53:26:000;;
665.013;111.7;537;19.70;0;11:53:27:000;;
665.541;113.6;528;19.70;0;11:53:27:000;;
666.069;113.6;528;19.70;0;11:53:28:000;;
666.605;111.9;536;19.70;0;11:53:28:000;;
667.132;113.9;527;19.70;0;11:53:29:000;;
667.671;111.3;539;19.70;0;11:53:29:000;;
668.221;109.1;550;19.70;0;11:53:30:000;;
668.763;110.7;542;19.70;0;11:53:30:000;;
669.321;107.5;558;19.70;0;11:53:31:000;;
669.892;105.1;571;19.70;0;11:53:31:000;;
670.473;103.3;581;19.70;0;11:53:32:000;;
671.046;104.7;573;19.70;0;11:53:33:000;;
671.630;102.7;584;19.70;0;11:53:33:000;;
672.217;102.2;587;19.70;0;11:53:34:000;;
672.795;103.8;578;19.70;0;11:53:34:000;;
673.376;103.3;581;19.70;0;11:53:35:000;;
673.952;104.2;576;19.70;0;11:53:35:000;;
674.528;104.2;576;19.70;0;11:53:36:000;;
675.103;104.3;575;19.70;0;11:53:36:000;;
675.673;105.3;570;19.70;0;11:53:37:000;;
676.250;104.0;577;19.70;0;11:53:38:000;;
676.824;104.5;574;19.70;0;11:53:39:000;;
677.392;105.6;568;19.70;0;11:53:39:000;;
677.966;104.5;574;19.70;0;11:53:40:000;;
678.535;105.4;569;19.70;0;11:53:40:000;;
679.090;108.1;555;19.70;0;11:53:41:000;;
679.651;107.0;561;19.70;0;11:53:41:000;;
680.210;107.3;559;19.70;0;11:53:42:000;;
680.762;108.7;552;19.70;0;11:53:42:000;;
681.322;107.1;560;19.70;0;11:53:43:000;;
681.886;106.4;564;19.70;0;11:53:44:000;;
682.448;106.8;562;19.70;0;11:53:44:000;;
683.010;106.8;562;19.70;0;11:53:45:000;;
683.578;105.6;568;19.70;0;11:53:45:000;;
684.142;106.4;564;19.70;0;11:53:46:000;;
684.697;108.1;555;19.70;0;11:53:46:000;;
685.266;105.4;569;19.70;0;11:53:47:000;;
685.834;105.6;568;19.70;0;11:53:47:000;;
686.396;106.8;562;19.70;0;11:53:48:000;;
686.967;105.1;571;19.70;0;11:53:48:000;;
687.539;104.9;572;19.70;0;11:53:49:000;;
688.110;105.1;571;19.70;0;11:53:50:000;;
688.676;106.0;566;19.70;0;11:53:50:000;;
689.241;106.2;565;19.70;0;11:53:51:000;;
689.797;107.9;556;19.70;0;11:53:51:000;;
690.352;108.1;555;19.70;0;11:53:52:000;;
690.913;107.0;561;19.70;0;11:53:52:000;;
691.457;110.3;544;19.70;0;11:53:53:000;;
692.009;108.7;552;19.70;0;11:53:53:000;;
692.554;110.1;545;19.70;0;11:53:54:000;;
693.094;111.1;540;19.70;0;11:53:54:000;;
693.639;110.1;545;19.70;0;11:53:56:000;;
694.181;110.7;542;19.70;0;11:53:56:000;;
694.713;112.8;532;19.70;0;11:53:56:000;;
695.263;109.1;550;19.70;0;11:53:57:000;;
695.807;110.3;544;19.70;0;11:53:57:000;;
696.333;114.1;526;19.70;0;11:53:58:000;;
696.857;114.5;524;19.70;0;11:53:58:000;;
697.380;114.7;523;19.70;0;11:53:59:000;;
697.921;110.9;541;19.70;0;11:53:59:000;;
698.462;110.9;541;19.70;0;11:54:00:000;;
698.994;112.8;532;19.70;0;11:54:01:000;;
699.514;115.4;520;19.70;0;11:54:01:000;;
700.049;112.1;535;19.70;0;11:54:02:000;;
700.579;113.2;530;19.70;0;11:54:02:000;;
701.102;114.7;523;19.70;0;11:54:03:000;;
701.618;116.3;516;19.70;0;11:54:03:000;;
702.143;114.3;525;19.70;0;11:54:04:000;;
702.660;116.1;517;19.70;0;11:54:04:000;;
703.186;114.1;526;19.70;0;11:54:05:000;;
703.722;111.9;536;19.70;0;11:54:05:000;;
704.240;115.8;518;19.70;0;11:54:06:000;;
704.777;111.7;537;19.70;0;11:54:07:000;;
705.316;111.3;539;19.70;0;11:54:07:000;;
705.850;112.4;534;19.70;0;11:54:08:000;;
706.395;110.1;545;19.70;0;11:54:08:000;;
706.938;110.5;543;19.70;0;11:54:09:000;;
707.478;111.1;540;19.70;0;11:54:09:000;;
708.018;111.1;540;19.70;0;11:54:10:000;;
708.565;109.7;547;19.70;0;11:54:10:000;;
709.115;109.1;550;19.70;0;11:54:11:000;;
709.655;111.1;540;19.70;0;11:54:11:000;;
710.196;110.9;541;19.70;0;11:54:12:000;;
710.744;109.5;548;19.70;0;11:54:13:000;;
711.284;111.1;540;19.70;0;11:54:13:000;;
711.838;108.3;554;19.70;0;11:54:14:000;;
712.380;110.7;542;19.70;0;11:54:14:000;;
712.916;111.9;536;19.70;0;11:54:15:000;;
713.463;109.7;547;19.70;0;11:54:15:000;;
714.012;109.3;549;19.70;0;11:54:16:000;;
714.554;110.7;542;19.70;0;11:54:16:000;;
715.100;109.9;546;19.70;0;11:54:17:000;;
715.646;109.9;546;19.70;0;11:54:17:000;;
716.191;110.1;545;19.70;0;11:54:18:000;;
716.747;107.9;556;19.70;0;11:54:19:000;;
717.298;108.9;551;19.70;0;11:54:19:000;;
717.833;112.1;535;19.70;0;11:54:20:000;;
718.381;109.5;548;19.70;0;11:54:20:000;;
718.921;111.1;540;19.70;0;11:54:21:000;;
719.454;112.6;533;19.70;0;11:54:21:000;;
719.996;110.7;542;19.70;0;11:54:22:000;;
720.528;112.8;532;19.70;0;11:54:22:000;;
721.056;113.6;528;19.70;0;11:54:23:000;;
721.595;111.3;539;19.70;0;11:54:24:000;;
722.127;112.8;532;19.70;0;11:54:24:000;;
722.650;114.7;523;19.70;0;11:54:24:000;;
723.177;113.9;527;19.70;0;11:54:25:000;;
723.707;113.2;530;19.70;0;11:54:25:000;;
724.234;113.9;527;19.70;0;11:54:26:000;;
724.777;110.5;543;19.70;0;11:54:27:000;;
725.320;110.5;543;19.70;0;11:54:27:000;;
725.852;112.8;532;19.70;0;11:54:27:000;;
726.407;108.1;555;19.70;0;11:54:28:000;;
726.952;110.1;545;19.70;0;11:54:28:000;;
727.493;110.9;541;19.70;0;11:54:30:000;;
728.050;107.7;557;19.70;0;11:54:30:000;;
728.591;110.9;541;19.70;0;11:54:31:000;;
729.082;122.2;491;19.70;0;11:54:31:000;;
729.665;102.9;583;19.70;0;11:54:31:000;;
730.197;112.8;532;19.70;0;11:54:32:000;;
730.733;111.9;536;19.70;0;11:54:32:000;;
731.271;111.5;538;19.70;0;11:54:33:000;;
731.798;113.9;527;19.70;0;11:54:33:000;;
732.328;113.2;530;19.70;0;11:54:34:000;;
732.867;111.3;539;19.70;0;11:54:34:000;;
733.408;110.9;541;19.70;0;11:54:35:000;;
733.937;113.4;529;19.70;0;11:54:36:000;;
734.481;110.3;544;19.70;0;11:54:36:000;;
735.019;111.5;538;19.70;0;11:54:37:000;;
735.563;110.3;544;19.70;0;11:54:37:000;;
736.120;107.7;557;19.70;0;11:54:38:000;;
736.668;109.5;548;19.70;0;11:54:38:000;;
737.214;109.9;546;19.70;0;11:54:39:000;;
737.773;107.3;559;19.70;0;11:54:39:000;;
738.322;109.3;549;19.70;0;11:54:40:000;;
738.880;107.5;558;19.70;0;11:54:40:000;;
739.416;111.9;536;19.70;0;11:54:41:000;;
739.956;111.1;540;19.70;0;11:54:42:000;;
740.484;113.6;528;19.70;0;11:54:42:000;;
741.007;114.7;523;19.70;0;11:54:43:000;;
741.538;113.0;531;19.70;0;11:54:43:000;;
742.061;114.7;523;19.70;0;11:54:44:000;;
742.578;116.1;517;19.70;0;11:54:44:000;;
743.104;114.1;526;19.70;0;11:54:45:000;;
743.636;112.8;532;19.70;0;11:54:45:000;;
744.169;112.6;533;19.70;0;11:54:46:000;;
744.715;109.9;546;19.70;0;11:54:47:000;;
745.270;108.1;555;19.70;0;11:54:47:000;;
745.831;107.0;561;19.70;0;11:54:48:000;;
746.384;108.5;553;19.70;0;11:54:48:000;;
746.952;105.6;568;19.70;0;11:54:49:000;;
747.512;107.1;560;19.70;0;11:54:49:000;;
748.088;104.2;576;19.70;0;11:54:50:000;;
748.660;104.9;572;19.70;0;11:54:50:000;;
749.217;107.7;557;19.70;0;11:54:51:000;;
749.782;106.2;565;19.70;0;11:54:51:000;;
750.339;107.7;557;19.70;0;11:54:52:000;;
750.879;111.1;540;19.70;0;11:54:53:000;;
751.421;110.7;542;19.70;0;11:54:53:000;;
751.957;111.9;536;19.70;0;11:54:54:000;;
752.479;114.9;522;19.70;0;11:54:54:000;;
753.004;114.3;525;19.70;0;11:54:55:000;;
753.518;116.7;514;19.70;0;11:54:55:000;;
754.027;117.9;509;19.70;0;11:54:56:000;;
754.550;114.7;523;19.70;0;11:54:56:000;;
755.053;119.3;503;19.70;0;11:54:57:000;;
755.569;116.3;516;19.70;0;11:54:57:000;;
756.082;117.0;513;19.70;0;11:54:58:000;;
756.586;119.0;504;19.70;0;11:54:59:000;;
757.086;120.0;500;19.70;0;11:54:59:000;;
757.586;120.0;500;19.70;0;11:54:59:000;;
758.095;117.9;509;19.70;0;11:55:00:000;;
758.595;120.0;500;19.70;0;11:55:00:000;;
759.106;117.4;511;19.70;0;11:55:01:000;;
759.629;114.7;523;19.70;0;11:55:01:000;;
760.151;114.9;522;19.70;0;11:55:02:000;;
760.685;112.4;534;19.70;0;11:55:02:000;;
761.226;110.9;541;19.70;0;11:55:03:000;;
761.763;111.7;537;19.70;0;11:55:03:000;;
762.310;109.7;547;19.70;0;11:55:04:000;;
762.868;107.5;558;19.70;0;11:55:05:000;;
763.417;109.3;549;19.70;0;11:55:05:000;;
763.973;107.9;556;19.70;0;11:55:06:000;;
764.530;107.7;557;19.70;0;11:55:06:000;;
765.078;109.5;548;19.70;0;11:55:07:000;;
765.632;108.3;554;19.70;0;11:55:07:000;;
766.191;107.3;559;19.70;0;11:55:08:000;;
766.741;109.1;550;19.70;0;11:55:08:000;;
767.285;110.3;544;19.70;0;11:55:09:000;;
767.836;108.9;551;19.70;0;11:55:09:000;;
768.374;111.5;538;19.70;0;11:55:10:000;;
768.914;111.1;540;19.70;0;11:55:11:000;;
769.454;111.1;540;19.70;0;11:55:11:000;;
769.982;113.6;528;19.70;0;11:55:12:000;;
770.499;116.1;517;19.70;0;11:55:12:000;;
771.026;113.9;527;19.70;0;11:55:13:000;;
771.551;114.3;525;19.70;0;11:55:13:000;;
772.072;115.2;521;19.70;0;11:55:14:000;;
772.607;112.1;535;19.70;0;11:55:14:000;;
773.142;112.1;535;19.70;0;11:55:15:000;;
773.677;112.1;535;19.70;0;11:55:16:000;;
774.229;108.7;552;19.70;0;11:55:16:000;;
774.774;110.1;545;19.70;0;11:55:17:000;;
775.325;108.9;551;19.70;0;11:55:17:000;;
775.887;106.8;562;19.70;0;11:55:18:000;;
776.445;107.5;558;19.70;0;11:55:18:000;;
776.994;109.3;549;19.70;0;11:55:19:000;;
777.558;106.4;564;19.70;0;11:55:19:000;;
778.119;107.0;561;19.70;0;11:55:20:000;;
778.680;107.0;561;19.70;0;11:55:20:000;;
779.257;104.0;577;19.70;0;11:55:21:000;;
779.828;105.1;571;19.70;0;11:55:22:000;;
780.393;106.2;565;19.70;0;11:55:22:000;;
780.969;104.2;576;19.70;0;11:55:23:000;;
781.518;109.3;549;19.70;0;11:55:23:000;;
782.083;106.2;565;19.70;0;11:55:24:000;;
782.642;107.3;559;19.70;0;11:55:24:000;;
783.198;107.9;556;19.70;0;11:55:25:000;;
783.750;108.7;552;19.70;0;11:55:25:000;;
784.315;106.2;565;19.70;0;11:55:26:000;;
784.871;107.9;556;19.70;0;11:55:26:000;;
785.420;109.3;549;19.70;0;11:55:28:000;;
785.982;106.8;562;19.70;0;11:55:28:000;;
786.542;107.1;560;19.70;0;11:55:28:000;;
787.087;110.1;545;19.70;0;11:55:29:000;;
787.636;109.3;549;19.70;0;11:55:30:000;;
788.177;110.9;541;19.70;0;11:55:30:000;;
788.714;111.7;537;19.70;0;11:55:30:000;;
789.254;111.1;540;19.70;0;11:55:31:000;;
789.799;110.1;545;19.70;0;11:55:32:000;;
790.345;109.9;546;19.70;0;11:55:32:000;;
790.895;109.1;550;19.70;0;11:55:32:000;;
791.453;107.5;558;19.70;0;11:55:34:000;;
791.997;110.3;544;19.70;0;11:55:34:000;;
792.525;113.6;528;19.70;0;11:55:34:000;;
793.068;110.5;543;19.70;0;11:55:35:000;;
793.602;112.4;534;19.70;0;11:55:36:000;;
794.127;114.3;525;19.70;0;11:55:36:000;;
794.660;112.6;533;19.70;0;11:55:36:000;;
795.198;111.5;538;19.70;0;11:55:37:000;;
795.732;112.4;534;19.70;0;11:55:37:000;;
796.286;108.3;554;19.70;0;11:55:38:000;;
796.864;103.8;578;19.70;0;11:55:39:000;;
797.430;106.0;566;19.70;0;11:55:40:000;;
798.001;105.1;571;19.70;0;11:55:40:000;;
798.597;100.7;596;19.70;0;11:55:40:000;;
799.194;100.5;597;19.70;0;11:55:41:000;;
799.795;99.8;601;19.70;0;11:55:42:000;;
800.434;93.9;639;19.70;0;11:55:42:000;;
801.059;96.0;625;19.70;0;11:55:43:000;;
801.675;97.4;616;19.70;0;11:55:43:000;;
802.311;94.3;636;19.70;0;11:55:44:000;;
802.927;97.4;616;19.70;0;11:55:45:000;;
803.542;97.6;615;19.70;0;11:55:46:000;;
804.167;96.0;625;19.70;0;11:55:46:000;;
804.767;100.0;600;19.70;0;11:55:47:000;;
805.367;100.0;600;19.70;0;11:55:47:000;;
805.973;99.0;606;19.70;0;11:55:48:000;;
806.568;100.8;595;19.70;0;11:55:48:000;;
807.158;101.7;590;19.70;0;11:55:49:000;;
807.757;100.2;599;19.70;0;11:55:49:000;;
808.351;101.0;594;19.70;0;11:55:50:000;;
808.935;102.7;584;19.70;0;11:55:52:000;;
809.527;101.4;592;19.70;0;11:55:52:000;;
810.120;101.2;593;19.70;0;11:55:52:000;;
810.700;103.4;580;19.70;0;11:55:53:000;;
811.294;101.0;594;19.70;0;11:55:53:000;;
811.900;99.0;606;19.70;0;11:55:54:000;;
812.490;101.7;590;19.70;0;11:55:54:000;;
813.081;101.5;591;19.70;0;11:55:55:000;;
813.672;101.5;591;19.70;0;11:55:55:000;;
814.253;103.3;581;19.70;0;11:55:56:000;;
814.825;104.9;572;19.70;0;11:55:57:000;;
815.398;104.7;573;19.70;0;11:55:57:000;;
815.972;104.5;574;19.70;0;11:55:58:000;;
816.544;104.9;572;19.70;0;11:55:59:000;;
817.131;102.2;587;19.70;0;11:55:59:000;;
817.730;100.2;599;19.70;0;11:56:00:000;;
818.320;101.7;590;19.70;0;11:56:00:000;;
818.921;99.8;601;19.70;0;11:56:01:000;;
819.543;96.5;622;19.70;0;11:56:01:000;;
820.147;99.3;604;19.70;0;11:56:02:000;;
820.757;98.4;610;19.70;0;11:56:03:000;;
821.361;99.3;604;19.70;0;11:56:03:000;;
821.969;98.7;608;19.70;0;11:56:04:000;;
822.579;98.4;610;19.70;0;11:56:05:000;;
823.171;101.4;592;19.70;0;11:56:05:000;;
823.766;100.8;595;19.70;0;11:56:06:000;;
824.355;101.9;589;19.70;0;11:56:07:000;;
824.951;100.7;596;19.70;0;11:56:07:000;;
825.536;102.6;585;19.70;0;11:56:08:000;;
826.129;101.2;593;19.70;0;11:56:08:000;;
826.723;101.0;594;19.70;0;11:56:09:000;;
827.306;102.9;583;19.70;0;11:56:09:000;;
827.895;101.9;589;19.70;0;11:56:10:000;;
828.475;103.4;580;19.70;0;11:56:10:000;;
829.071;100.7;596;19.70;0;11:56:11:000;;
829.657;102.4;586;19.70;0;11:56:12:000;;
830.248;101.5;591;19.70;0;11:56:12:000;;
830.833;102.6;585;19.70;0;11:56:13:000;;
831.428;100.8;595;19.70;0;11:56:14:000;;
832.019;101.5;591;19.70;0;11:56:14:000;;
832.603;102.7;584;19.70;0;11:56:15:000;;
833.183;103.4;580;19.70;0;11:56:15:000;;
833.768;102.6;585;19.70;0;11:56:16:000;;
834.338;105.3;570;19.70;0;11:56:16:000;;
834.914;104.2;576;19.70;0;11:56:17:000;;
835.477;106.6;563;19.70;0;11:56:17:000;;
836.043;106.0;566;19.70;0;11:56:18:000;;
836.615;104.9;572;19.70;0;11:56:18:000;;
837.174;107.3;559;19.70;0;11:56:19:000;;
837.746;104.9;572;19.70;0;11:56:20:000;;
838.318;104.9;572;19.70;0;11:56:20:000;;
838.883;106.2;565;19.70;0;11:56:21:000;;
839.454;105.1;571;19.70;0;11:56:21:000;;
840.019;106.2;565;19.70;0;11:56:22:000;;
840.578;107.3;559;19.70;0;11:56:23:000;;
841.139;107.0;561;19.70;0;11:56:23:000;;
841.712;104.7;573;19.70;0;11:56:24:000;;
842.284;104.9;572;19.70;0;11:56:24:000;;
842.873;101.9;589;19.70;0;11:56:25:000;;
843.473;100.0;600;19.70;0;11:56:26:000;;
844.074;99.8;601;19.70;0;11:56:26:000;;
844.677;99.5;603;19.70;0;11:56:27:000;;
845.267;101.7;590;19.70;0;11:56:27:000;;
845.863;100.7;596;19.70;0;11:56:28:000;;
846.455;101.4;592;19.70;0;11:56:28:000;;
847.040;102.6;585;19.70;0;11:56:29:000;;
847.627;102.2;587;19.70;0;11:56:30:000;;
848.210;102.9;583;19.70;0;11:56:31:000;;
848.779;105.4;569;19.70;0;11:56:31:000;;
849.343;106.4;564;19.70;0;11:56:31:000;;
849.901;107.5;558;19.70;0;11:56:32:000;;
850.437;111.9;536;19.70;0;11:56:33:000;;
850.978;110.9;541;19.70;0;11:56:33:000;;
851.516;111.5;538;19.70;0;11:56:34:000;;
852.032;116.3;516;19.70;0;11:56:34:000;;
852.563;113.0;531;19.70;0;11:56:34:000;;
853.087;114.5;524;19.70;0;11:56:35:000;;
853.599;117.2;512;19.70;0;11:56:35:000;;
854.119;115.4;520;19.70;0;11:56:36:000;;
854.630;117.4;511;19.70;0;11:56:37:000;;
855.147;116.1;517;19.70;0;11:56:37:000;;
855.661;116.7;514;19.70;0;11:56:38:000;;
856.169;118.1;508;19.70;0;11:56:38:000;;
856.688;115.6;519;19.70;0;11:56:39:000;;
857.200;117.2;512;19.70;0;11:56:39:000;;
857.700;120.0;500;19.70;0;11:56:40:000;;
858.201;119.8;501;19.70;0;11:56:40:000;;
858.702;119.8;501;19.70;0;11:56:41:000;;
859.212;117.6;510;19.70;0;11:56:41:000;;
859.715;119.3;503;19.70;0;11:56:42:000;;
860.208;121.7;493;19.70;0;11:56:42:000;;
860.708;120.0;500;19.70;0;11:56:43:000;;
861.209;119.8;501;19.70;0;11:56:43:000;;
861.705;121.0;496;19.70;0;11:56:44:000;;
862.197;122.0;492;19.70;0;11:56:44:000;;
862.683;123.5;486;19.70;0;11:56:45:000;;
863.178;121.2;495;19.70;0;11:56:45:000;;
863.673;121.2;495;19.70;0;11:56:46:000;;
864.164;122.2;491;19.70;0;11:56:46:000;;
864.670;118.6;506;19.70;0;11:56:47:000;;
865.176;118.6;506;19.70;0;11:56:48:000;;
865.682;118.6;506;19.70;0;11:56:48:000;;
866.208;114.1;526;19.70;0;11:56:48:000;;
866.741;112.6;533;19.70;0;11:56:49:000;;
867.281;111.1;540;19.70;0;11:56:50:000;;
867.834;108.5;553;19.70;0;11:56:50:000;;
868.385;108.9;551;19.70;0;11:56:50:000;;
868.954;105.4;569;19.70;0;11:56:51:000;;
869.507;108.5;553;19.70;0;11:56:52:000;;
870.073;106.0;566;19.70;0;11:56:53:000;;
870.635;106.8;562;19.70;0;11:56:53:000;;
871.182;109.7;547;19.70;0;11:56:54:000;;
871.745;106.6;563;19.70;0;11:56:54:000;;
872.310;106.2;565;19.70;0;11:56:55:000;;
872.850;111.1;540;19.70;0;11:56:55:000;;
873.398;109.5;548;19.70;0;11:56:56:000;;
873.952;108.3;554;19.70;0;11:56:56:000;;
874.503;108.9;551;19.70;0;11:56:56:000;;
875.039;111.9;536;19.70;0;11:56:57:000;;
875.593;108.3;554;19.70;0;11:56:58:000;;
876.160;105.8;567;19.70;0;11:56:58:000;;
876.733;104.7;573;19.70;0;11:56:59:000;;
877.318;102.6;585;19.70;0;11:57:00:000;;
877.910;101.4;592;19.70;0;11:57:00:000;;
878.498;102.0;588;19.70;0;11:57:01:000;;
879.093;100.8;595;19.70;0;11:57:01:000;;
879.689;100.7;596;19.70;0;11:57:02:000;;
880.274;102.6;585;19.70;0;11:57:02:000;;
880.864;101.7;590;19.70;0;11:57:03:000;;
881.460;100.7;596;19.70;0;11:57:03:000;;
882.050;101.7;590;19.70;0;11:57:04:000;;
882.648;100.3;598;19.70;0;11:57:05:000;;
883.244;100.7;596;19.70;0;11:57:06:000;;
883.843;100.2;599;19.70;0;11:57:06:000;;
884.449;99.0;606;19.70;0;11:57:07:000;;
885.049;100.0;600;19.70;0;11:57:07:000;;
885.640;101.5;591;19.70;0;11:57:08:000;;
886.232;101.4;592;19.70;0;11:57:08:000;;
886.820;102.0;588;19.70;0;11:57:09:000;;
887.394;104.5;574;19.70;0;11:57:09:000;;
887.965;105.1;571;19.70;0;11:57:10:000;;
888.556;101.5;591;19.70;0;11:57:11:000;;
889.149;101.2;593;19.70;0;11:57:11:000;;
889.759;98.4;610;19.70;0;11:57:12:000;;
890.384;96.0;625;19.70;0;11:57:13:000;;
891.040;91.5;656;19.70;0;11:57:14:000;;
891.714;89.0;674;19.70;0;11:57:14:000;;
892.381;90.0;667;19.70;0;11:57:15:000;;
893.056;88.9;675;19.70;0;11:57:15:000;;